,vid,01_jan_fuel_cost_total,01_jan_insurance_cost,01_jan_maintenance_cost,01_jan_total_cost,02_feb_fuel_cost_total,02_feb_insurance_cost,02_feb_maintenance_cost,02_feb_total_cost,03_mar_fuel_cost_total,03_mar_insurance_cost,03_mar_maintenance_cost,03_mar_total_cost,04_apr_fuel_cost_total,04_apr_insurance_cost,04_apr_maintenance_cost,04_apr_total_cost,05_may_fuel_cost_total,05_may_insurance_cost,05_may_maintenance_cost,05_may_total_cost,06_jun_fuel_cost_total,06_jun_insurance_cost,06_jun_maintenance_cost,06_jun_total_cost,07_jul_fuel_cost_total,07_jul_insurance_cost,07_jul_maintenance_cost,07_jul_total_cost
0,1,24.14,242.63,1161.6,1428.37,24.14,187.17,1133.61,1344.9199999999998,24.14,192.22,1233.46,1449.8200000000002,24.14,157.87,1028.17,1210.18,24.14,222.19,1474.36,1720.6899999999998,24.14,201.84,1222.91,1448.89,24.14,168.56,1254.28,1446.98
1,2,9.01,216.48,1093.48,1318.97,9.01,196.79,1183.45,1389.25,9.01,194.04,1378.42,1581.47,9.01,201.95,1081.68,1292.64,9.01,221.99,1103.82,1334.82,9.01,213.49,1061.92,1284.42,26.57,224.82,1206.96,1458.35
2,3,29.15,152.55,1019.05,1200.75,52.93,178.54,1136.67,1368.14,52.93,208.21,1258.43,1519.5700000000002,52.93,255.73,1127.41,1436.0700000000002,52.93,181.33,1090.24,1324.5,52.93,230.59,1118.84,1402.36,52.93,169.94,1168.71,1391.58
3,4,14.96,162.93,1067.01,1244.9,14.96,171.51,1289.31,1475.78,14.96,233.32,1324.19,1572.47,14.96,192.2,1118.75,1325.91,14.96,197.33,944.75,1157.04,14.96,228.04,1179.15,1422.15,27.3,166.22,1172.83,1366.35
4,5,11.68,204.03,1179.1,1394.81,49.68000000000001,187.59,1222.08,1459.35,61.77000000000001,199.33,1132.74,1393.8400000000001,61.77000000000001,213.86,1249.9,1525.5300000000002,61.77000000000001,196.41,1219.97,1478.15,61.77000000000001,154.59,1283.07,1499.4299999999998,96.66000000000001,201.13,1285.56,1583.35
5,6,29.04,239.79,1227.8,1496.6299999999999,92.2,217.48,1313.99,1623.67,92.2,224.01,1066.3,1382.51,92.2,190.1,1083.5,1365.8,92.2,177.66,1090.34,1360.1999999999998,92.2,198.45,1167.07,1457.7199999999998,127.74000000000001,186.47,1101.02,1415.23
6,8,27.55,184.56,1087.23,1299.3400000000001,86.11,185.85,1146.33,1418.29,124.59,228.23,1220.36,1573.1799999999998,152.05,222.87,1146.06,1520.98,152.05,203.03,1197.27,1552.35,152.05,193.94,1260.21,1606.2,208.35,246.15,1454.18,1908.68
7,9,12.370000000000001,191.11,984.27,1187.75,29.24,176.88,1072.6,1278.7199999999998,30.959999999999997,217.17,1254.64,1502.77,30.959999999999997,198.85,1169.78,1399.59,30.959999999999997,196.04,1211.98,1438.98,30.959999999999997,216.86,1188.78,1436.6,38.93,181.54,1244.61,1465.08
8,10,56.5,201.53,1269.73,1527.76,84.56,157.04,1261.23,1502.83,84.56,190.7,1241.24,1516.5,84.56,183.33,1178.41,1446.3000000000002,84.56,187.51,1170.83,1442.8999999999999,84.56,235.51,1184.9,1504.97,84.56,215.26,1176.63,1476.45
9,11,0.0,219.17,1342.13,1561.3000000000002,0.0,182.44,1270.74,1453.18,0.0,244.91,1149.82,1394.73,0.0,197.17,1056.81,1253.98,0.0,192.63,1129.43,1322.06,0.0,200.4,1300.69,1501.0900000000001,3.09,191.07,1429.09,1623.25
10,12,18.19,179.66,1145.43,1343.28,29.19,199.8,1136.89,1365.88,29.19,242.95,1087.71,1359.85,29.19,197.13,1139.93,1366.25,29.19,181.47,1148.51,1359.17,29.19,196.48,1149.12,1374.79,39.88,214.16,1228.55,1482.59
11,14,0.0,191.84,1131.1,1322.9399999999998,0.0,194.3,1075.08,1269.3799999999999,0.0,232.81,1325.49,1558.3,0.0,186.94,1122.56,1309.5,0.0,186.63,1318.59,1505.2199999999998,0.0,185.03,1223.44,1408.47,8.71,184.41,1230.64,1423.7600000000002
12,15,20.04,183.98,1115.0,1319.02,33.78,205.07,1168.02,1406.87,37.44,203.16,1299.78,1540.3799999999999,37.44,204.03,1327.11,1568.58,37.44,185.16,1325.21,1547.81,37.44,188.67,1129.66,1355.77,47.75,203.77,1217.28,1468.8
13,16,36.83,207.77,1250.57,1495.17,72.86999999999999,175.15,1257.47,1505.49,85.66,176.83,1164.43,1426.92,85.66,185.41,1351.74,1622.81,85.66,166.81,1210.69,1463.16,85.66,184.59,1130.83,1401.08,112.48,206.72,1296.84,1616.04
14,17,32.21,236.06,1245.82,1514.09,57.36,230.2,1117.03,1404.59,84.05,149.6,1210.51,1444.1599999999999,84.05,221.42,1430.69,1736.16,84.05,181.87,1294.81,1560.73,84.05,205.95,1251.97,1541.97,108.0,198.25,1141.74,1447.99
15,18,31.28,186.24,1206.69,1424.21,55.00000000000001,194.11,1200.46,1449.5700000000002,65.36000000000001,221.96,1050.83,1338.15,65.36000000000001,189.83,1339.59,1594.78,65.36000000000001,200.11,1300.14,1565.6100000000001,65.36000000000001,223.06,1195.04,1483.46,76.06000000000002,226.64,1221.46,1524.16
16,20,0.0,190.87,1219.32,1410.19,18.24,230.64,1256.71,1505.5900000000001,32.48,209.81,1150.66,1392.95,32.48,188.79,1095.5,1316.77,32.48,205.45,1120.82,1358.75,32.48,216.87,1221.99,1471.34,43.129999999999995,243.69,1098.51,1385.33
17,23,11.72,212.73,1200.26,1424.71,33.65,243.35,1132.11,1409.11,58.58,186.6,1078.24,1323.42,58.58,211.8,1259.21,1529.5900000000001,58.58,159.05,1154.33,1371.96,58.58,182.1,1150.68,1391.3600000000001,91.72,214.52,1107.73,1413.97
18,24,35.11,173.61,1105.53,1314.25,91.17999999999999,200.79,1020.72,1312.69,145.57,241.7,1045.22,1432.49,145.57,209.88,1364.71,1720.16,145.57,200.05,1075.28,1420.9,145.57,178.95,1192.99,1517.51,203.07,206.37,1187.12,1596.56
19,25,54.02,213.26,1097.22,1364.5,151.62,239.64,1241.6,1632.86,233.20000000000002,219.35,1230.48,1683.03,233.20000000000002,198.95,1335.57,1767.7199999999998,233.20000000000002,258.46,1211.7,1703.3600000000001,233.20000000000002,199.19,1341.28,1773.67,326.77000000000004,186.47,1325.85,1839.09
20,26,0.0,226.88,1060.21,1287.0900000000001,0.0,217.77,1265.56,1483.33,0.0,199.67,1127.91,1327.5800000000002,0.0,181.82,1221.01,1402.83,0.0,190.09,1260.24,1450.33,0.0,175.48,1253.95,1429.43,29.38,203.34,1227.2,1459.92
21,28,29.32,182.76,1320.76,1532.84,142.5,222.85,1083.83,1449.1799999999998,249.29999999999998,207.88,1215.48,1672.6599999999999,294.56,219.57,1328.43,1842.56,294.56,183.85,1119.91,1598.3200000000002,294.56,170.22,1177.35,1642.1299999999999,347.09,206.66,1086.83,1640.58
22,29,44.88,217.7,1213.88,1476.46,193.41000000000003,176.08,1230.54,1600.03,269.82000000000005,197.02,1076.47,1543.31,296.91,179.81,1265.24,1741.96,296.91,204.18,1230.48,1731.5700000000002,296.91,185.57,1143.19,1625.67,393.14000000000004,186.1,1180.5,1759.74
23,30,33.63,179.22,1000.22,1213.07,102.81,198.05,1416.42,1717.2800000000002,180.39000000000001,167.17,1376.29,1723.85,242.71,242.25,1075.98,1560.94,242.71,204.66,1202.56,1649.9299999999998,242.71,201.98,1241.26,1685.95,333.22,229.76,1136.61,1699.59
24,31,39.02,198.04,1242.77,1479.83,135.48,240.45,1232.18,1608.1100000000001,188.34,238.82,1203.89,1631.0500000000002,259.62,183.33,1349.59,1792.54,259.62,197.06,1130.85,1587.53,259.62,165.28,1167.83,1592.73,357.99,177.35,1063.29,1598.63
25,32,118.85,232.73,1288.7,1640.28,206.45,207.07,1314.16,1727.68,270.4,164.38,1027.17,1461.95,359.84,223.02,1191.92,1774.7800000000002,359.84,154.78,1238.59,1753.21,359.84,167.93,1363.08,1890.85,450.03999999999996,210.91,1128.24,1789.19
26,33,0.0,199.96,1278.37,1478.33,18.81,241.49,1101.86,1362.1599999999999,38.06,219.44,1199.85,1457.35,38.06,181.38,1074.36,1293.8,38.06,164.21,1100.52,1302.79,38.06,188.68,1397.3,1624.04,38.06,186.94,1195.62,1420.62
27,36,4.37,212.77,1212.29,1429.43,25.849999999999998,204.97,1167.45,1398.27,44.099999999999994,203.96,1057.09,1305.1499999999999,61.98,195.7,1059.85,1317.53,61.98,192.92,1394.54,1649.44,61.98,224.73,1294.7,1581.41,74.42,187.7,1269.38,1531.5
28,37,14.47,228.12,1293.26,1535.85,33.53,207.2,1290.51,1531.24,45.81,188.99,1082.49,1317.29,52.1,172.26,1320.24,1544.6,52.1,216.48,1279.05,1547.6299999999999,52.1,220.11,1204.38,1476.5900000000001,66.65,174.4,1438.99,1680.04
29,38,11.84,226.18,1294.24,1532.26,30.4,186.27,1100.85,1317.52,78.72,180.6,1173.73,1433.05,109.52999999999999,172.87,934.36,1216.76,109.52999999999999,239.4,1345.9,1694.8300000000002,109.52999999999999,203.5,1284.33,1597.36,142.31,230.82,1496.78,1869.9099999999999
30,39,45.55,212.92,1252.47,1510.94,86.56,238.48,1254.92,1579.96,122.62,182.37,1220.1,1525.09,131.45000000000002,181.17,1183.34,1495.96,131.45000000000002,170.28,1334.52,1636.25,131.45000000000002,203.09,1264.52,1599.06,174.31,200.15,1074.17,1448.63
31,40,12.02,204.19,1357.76,1573.97,45.74,247.03,1145.87,1438.6399999999999,53.39,180.69,1204.38,1438.46,58.14,188.31,1247.88,1494.3300000000002,58.14,187.59,1247.85,1493.58,58.14,221.13,1243.53,1522.8,94.07000000000001,193.98,1141.71,1429.76
32,42,7.41,162.23,1404.98,1574.62,30.26,227.94,1284.55,1542.75,56.6,216.97,1262.07,1535.6399999999999,56.6,177.01,1175.81,1409.4199999999998,56.6,229.91,1217.47,1503.98,56.6,192.56,1105.55,1354.71,59.03,213.1,1152.61,1424.7399999999998
33,43,13.61,201.85,1206.23,1421.69,26.009999999999998,210.2,1186.46,1422.67,38.69,208.91,1223.55,1471.1499999999999,59.57,199.86,1289.38,1548.8100000000002,59.57,216.88,1022.28,1298.73,59.57,215.54,1163.44,1438.5500000000002,80.8,181.71,1273.43,1535.94
34,44,26.27,178.88,1296.93,1502.0800000000002,64.46,181.35,1128.18,1373.99,109.16,194.88,1037.24,1341.28,132.59,208.66,1341.55,1682.8,132.59,208.16,1215.26,1556.01,132.59,194.97,1136.4,1463.96,173.78,182.32,1346.82,1702.92
35,45,14.21,168.13,1008.16,1190.5,35.72,217.74,1104.67,1358.13,55.05,196.98,1213.5,1465.53,70.19,227.17,1254.46,1551.8200000000002,70.19,193.44,1159.77,1423.4,70.19,223.32,1161.6,1455.11,92.35999999999999,202.98,1410.03,1705.37
36,46,20.22,195.99,1123.12,1339.33,57.519999999999996,180.28,1271.24,1509.04,104.72999999999999,209.21,1259.5,1573.44,158.98,209.88,1219.49,1588.35,158.98,189.77,1324.91,1673.66,158.98,184.01,1103.8,1446.79,216.53,199.89,1209.3,1625.7199999999998
37,47,23.21,174.55,1212.89,1410.65,56.58,182.66,1154.52,1393.76,89.22,209.07,1133.46,1431.75,125.13999999999999,219.26,1321.96,1666.3600000000001,157.35999999999999,227.49,1178.7,1563.5500000000002,189.89999999999995,192.06,1199.62,1581.58,298.6699999999999,189.23,1244.74,1732.6399999999999
38,48,5.41,210.04,1184.02,1399.47,15.03,199.84,1105.61,1320.48,24.22,225.41,1149.72,1399.35,32.45,221.76,1039.11,1293.32,40.760000000000005,192.03,1286.29,1519.08,49.040000000000006,234.74,1138.6,1422.3799999999999,82.76,209.37,1187.12,1479.25
39,49,24.08,185.26,1163.51,1372.85,49.85,231.25,1132.26,1413.3600000000001,87.46000000000001,203.65,1228.27,1519.38,109.31,209.05,1231.24,1549.6,135.56,218.21,1389.28,1743.05,169.11,201.56,1318.47,1689.14,285.8,195.35,1167.97,1649.12
40,50,25.1,209.54,965.98,1200.62,52.44,183.09,1402.52,1638.05,80.12,222.99,1178.5,1481.6100000000001,106.71000000000001,170.85,1079.27,1356.83,137.83,217.27,1223.92,1579.02,166.33,178.05,1228.6,1572.98,261.19,211.5,1288.36,1761.05
41,51,0.0,225.34,1316.95,1542.29,14.78,199.84,1333.9,1548.52,22.63,185.42,975.32,1183.3700000000001,48.79,225.79,1090.78,1365.36,48.79,225.64,1261.68,1536.1100000000001,48.79,144.65,1305.59,1499.03,107.60000000000001,203.98,1047.36,1358.9399999999998
42,52,27.21,225.08,1461.26,1713.55,71.57,179.43,1173.27,1424.27,113.42,229.7,1268.68,1611.8000000000002,160.78,190.61,1201.23,1552.62,204.95999999999998,206.04,1161.9,1572.9,236.67,234.51,1180.14,1651.3200000000002,405.5300000000001,212.33,1210.75,1828.6100000000001
43,53,40.41,218.81,1216.94,1476.16,74.65,175.22,1385.39,1635.2600000000002,107.75,183.82,1300.14,1591.71,142.24,185.54,925.9,1253.6799999999998,179.13000000000002,203.34,1337.33,1719.8,228.12,199.78,1311.24,1739.1399999999999,408.0599999999999,228.18,1112.62,1748.8599999999997
44,54,14.99,197.86,1350.29,1563.1399999999999,44.55,231.19,1166.24,1441.98,81.11,227.06,1188.17,1496.3400000000001,116.4,172.9,1096.42,1385.72,152.81,221.42,1115.84,1490.07,173.11,208.94,1134.83,1516.8799999999999,291.88,211.55,1336.99,1840.42
45,55,20.880000000000003,157.45,1274.68,1453.01,60.57,183.75,1163.29,1407.61,93.27,185.81,1203.6,1482.6799999999998,123.58,221.82,1355.49,1700.8899999999999,155.79,189.48,1188.64,1533.91,187.07999999999998,170.42,1412.29,1769.79,299.56,232.14,1150.74,1682.44
46,56,24.83,197.7,1135.98,1358.51,50.6,220.66,1260.35,1531.61,91.51000000000002,211.94,1156.02,1459.47,122.73000000000002,191.05,1260.36,1574.1399999999999,154.75000000000003,180.64,1266.19,1601.58,198.27000000000004,200.35,1193.99,1592.6100000000001,341.89,202.41,1307.24,1851.54
47,58,45.55,222.3,1279.66,1547.5100000000002,106.21000000000001,189.93,1214.94,1511.08,166.35,214.13,1232.87,1613.35,229.01,183.36,1172.24,1584.6100000000001,297.24999999999994,217.45,1315.05,1829.75,297.24999999999994,192.42,1232.27,1721.94,394.30999999999995,185.32,1139.23,1718.86
48,59,41.64,199.1,1216.14,1456.88,103.47,198.83,1238.79,1541.09,152.97,194.95,1209.56,1557.48,222.89000000000001,176.11,1176.76,1575.76,300.64000000000004,172.03,1171.17,1643.8400000000001,300.64000000000004,203.81,1259.07,1763.52,410.63000000000005,190.32,1231.24,1832.19
49,60,36.57,197.13,1340.86,1574.56,98.43,240.61,1265.89,1604.93,176.85,198.04,1390.62,1765.5099999999998,236.05999999999997,211.18,1212.23,1659.47,291.63,215.6,1054.79,1562.02,291.63,201.61,1383.04,1876.28,391.05999999999995,169.6,1314.72,1875.38
50,61,40.63,201.7,1128.75,1371.08,77.19000000000001,217.84,1144.2,1439.23,117.82000000000001,188.32,1192.13,1498.27,165.96000000000004,208.49,1161.76,1536.21,208.67000000000004,188.4,1167.4,1564.4700000000003,208.67000000000004,241.62,1151.75,1602.04,267.44000000000005,194.0,1129.63,1591.0700000000002
51,62,56.47,212.96,1265.46,1534.89,138.95999999999998,164.75,931.64,1235.35,195.13,178.38,1287.6,1661.11,268.16999999999996,180.71,1300.29,1749.17,361.09,172.07,1303.7,1836.8600000000001,376.51,173.49,1241.77,1791.77,487.52,210.93,1130.52,1828.97
52,63,35.16,172.29,1275.66,1483.1100000000001,87.86,192.64,1182.15,1462.65,162.31,180.03,1037.0,1379.3400000000001,231.07999999999998,192.58,1097.25,1520.9099999999999,308.96999999999997,154.64,1208.77,1672.3799999999999,308.96999999999997,184.71,1168.94,1662.62,371.86999999999995,219.3,1172.5,1763.67
53,64,41.76,214.11,1118.71,1374.58,88.25,207.18,1099.76,1395.19,138.26,192.16,1216.97,1547.3899999999999,191.20999999999998,218.81,1238.56,1648.58,270.4,206.87,1220.88,1698.15,270.4,170.66,1099.1,1540.1599999999999,332.01,244.61,1130.28,1706.9
54,65,69.19,176.92,1225.32,1471.4299999999998,134.59,155.7,1151.47,1441.76,216.14000000000001,203.93,1040.31,1460.38,298.02,209.41,1256.61,1764.04,363.86999999999995,237.58,1215.46,1816.9099999999999,363.86999999999995,176.54,1240.9,1781.31,494.94,168.35,1113.72,1777.01
55,66,39.25,207.69,1210.42,1457.3600000000001,79.21,190.88,1183.47,1453.56,118.9,190.45,1111.23,1420.58,142.20000000000002,250.9,1240.7,1633.8000000000002,149.41000000000003,180.24,1326.11,1655.76,149.41000000000003,187.77,1231.17,1568.3500000000001,189.01000000000005,196.31,1269.91,1655.23
56,67,58.0,196.21,1067.95,1322.16,95.95,229.78,1218.77,1544.5,95.95,207.76,1199.97,1503.68,95.95,204.05,1125.91,1425.91,95.95,222.32,1188.92,1507.19,95.95,218.09,1112.37,1426.4099999999999,122.57000000000001,216.65,1191.45,1530.67
57,68,88.91,207.4,1211.11,1507.4199999999998,197.40999999999997,207.63,1307.23,1712.27,275.01,223.12,989.03,1487.1599999999999,366.08,185.57,1131.7,1683.35,392.21999999999997,173.33,1369.89,1935.44,392.21999999999997,191.32,1238.87,1822.4099999999999,519.72,203.56,1204.88,1928.16
58,70,22.67,187.63,1112.17,1322.47,42.64,192.61,1224.41,1459.66,63.739999999999995,209.15,1068.82,1341.71,84.80999999999999,194.83,1064.9,1344.54,104.97,220.49,1054.95,1380.41,104.97,196.95,1328.71,1630.63,131.51000000000002,176.58,1293.27,1601.3600000000001
59,71,32.58,185.76,1210.31,1428.6499999999999,85.87,232.53,1264.33,1582.73,144.21,199.07,1236.1,1579.3799999999999,199.50000000000003,215.3,1268.25,1683.0500000000002,260.65000000000003,205.36,1307.77,1773.78,260.65000000000003,221.11,1315.66,1797.42,335.55,203.35,1293.02,1831.92
60,72,35.04,167.31,1257.48,1459.83,87.22,235.21,1268.7,1591.13,143.82999999999998,201.22,1303.45,1648.5,197.73999999999998,159.32,1096.98,1454.04,249.66,215.24,1132.65,1597.5500000000002,249.66,206.3,1266.56,1722.52,322.09,194.24,1195.53,1711.86
61,74,40.11,194.69,1224.53,1459.33,91.46,196.65,1249.75,1537.8600000000001,149.82,181.79,1205.05,1536.6599999999999,203.37,201.79,1243.48,1648.6399999999999,286.01,208.56,1174.43,1669.0,286.01,196.45,1294.98,1777.44,404.39,207.19,1119.54,1731.12
62,75,57.74,238.66,1150.99,1447.3899999999999,119.16,178.04,1281.91,1579.1100000000001,179.01999999999998,178.87,1090.08,1447.9699999999998,241.64000000000001,191.42,1186.19,1619.25,282.16,222.16,1174.46,1678.7800000000002,282.16,230.25,1154.19,1666.6000000000001,359.29,192.81,1179.28,1731.38
63,76,74.83,176.01,1053.18,1304.02,143.29,178.03,1182.7,1504.02,210.95000000000002,224.3,1203.19,1638.44,299.05,213.79,1305.83,1818.67,344.75,162.1,1216.21,1723.06,344.75,186.49,1140.05,1671.29,443.43999999999994,221.97,1227.81,1893.2199999999998
64,77,23.450000000000003,209.78,1154.37,1387.6,72.87,220.45,1042.11,1335.4299999999998,88.19000000000001,194.09,1168.08,1450.36,88.19000000000001,216.89,1307.99,1613.07,109.55000000000001,191.79,1107.73,1409.0700000000002,109.55000000000001,224.65,1054.24,1388.44,146.82000000000002,222.49,1288.42,1657.73
65,78,112.02000000000001,183.7,1191.53,1487.25,200.05,206.11,1234.88,1641.0400000000002,318.69,229.96,1112.28,1660.9299999999998,384.14,200.74,1233.05,1817.9299999999998,479.65999999999997,183.61,1167.44,1830.71,522.13,204.09,1180.38,1906.6000000000001,620.86,210.46,1207.38,2038.7000000000003
66,79,105.55,213.12,1290.26,1608.93,305.24,203.04,1192.3,1700.58,391.98,196.9,1221.66,1810.54,538.6,202.93,1041.98,1783.51,725.87,181.04,1215.51,2122.42,815.44,171.27,1193.11,2179.8199999999997,1125.68,222.68,1134.61,2482.9700000000003
67,80,210.14,217.43,1139.18,1566.75,381.59999999999997,189.87,1276.51,1847.98,396.71999999999997,203.23,1315.57,1915.52,472.71,188.15,1309.27,1970.13,622.2099999999999,200.44,1095.13,1917.78,673.04,204.2,1224.82,2102.06,930.0,207.86,1176.73,2314.59
68,81,123.75,233.12,1232.71,1589.58,239.3,212.48,1222.65,1674.43,337.61,237.2,1195.28,1770.09,446.91,204.27,1291.7,1942.88,477.28000000000003,198.23,1266.08,1941.59,477.28000000000003,171.86,1202.94,1852.0800000000002,563.9,167.94,1357.02,2088.8599999999997
69,83,15.91,223.08,1183.89,1422.88,95.28,163.27,1220.77,1479.32,137.84,220.2,1204.19,1562.23,175.35,190.93,1025.19,1391.47,215.25,213.75,1172.3,1601.3,215.25,204.1,1159.52,1578.87,287.69,159.11,1080.58,1527.3799999999999
70,84,131.68,216.5,1248.1,1596.28,288.62,196.12,1277.04,1761.78,433.90000000000003,228.23,1399.48,2061.61,559.6600000000001,204.24,1183.7,1947.6000000000001,686.3400000000001,200.5,1153.35,2040.19,775.0300000000001,199.94,1170.61,2145.58,983.4900000000001,202.11,1236.35,2421.95
71,85,85.93,220.49,1149.16,1455.5800000000002,195.67000000000002,198.53,1105.51,1499.71,326.87000000000006,183.58,1228.77,1739.22,464.95000000000005,214.35,1435.19,2114.4900000000002,552.0500000000001,186.72,1100.29,1839.06,676.86,231.78,1267.22,2175.86,951.7499999999999,157.27,1184.9,2293.92
72,86,77.4,222.43,1170.3,1470.13,146.81,213.32,1030.15,1390.2800000000002,233.7,186.63,1208.57,1628.8999999999999,323.46,184.33,1232.43,1740.22,407.89,224.01,1056.94,1688.8400000000001,489.13,190.93,1264.95,1945.01,700.5100000000001,221.98,1000.32,1922.8100000000002
73,87,77.18,167.03,1153.9,1398.1100000000001,125.48,138.22,1274.93,1538.63,211.32000000000002,202.88,1221.69,1635.89,311.32,186.35,1326.81,1824.48,446.53999999999996,200.33,1221.79,1868.6599999999999,532.7299999999999,194.19,1179.52,1906.4399999999998,618.9399999999999,174.3,1303.85,2097.09
74,88,43.8,170.58,1123.51,1337.8899999999999,121.53,211.06,1176.55,1509.1399999999999,187.38,192.83,1031.23,1411.44,265.61,202.29,1137.41,1605.31,334.38,156.26,1213.72,1704.3600000000001,377.46000000000004,190.97,1171.48,1739.91,453.87000000000006,218.15,1214.1,1886.12
75,89,70.35,204.49,1467.98,1742.8200000000002,114.75999999999999,199.95,1290.53,1605.24,154.48999999999998,194.81,1282.11,1631.4099999999999,213.09999999999997,173.47,1015.8,1402.37,247.80999999999997,198.76,1068.87,1515.4399999999998,247.80999999999997,192.03,1239.43,1679.27,370.59999999999997,229.27,1290.49,1890.3600000000001
76,90,10.45,232.04,1441.63,1684.1200000000001,48.64,196.35,1218.94,1463.93,68.28999999999999,212.06,1227.44,1507.79,98.39,210.19,1034.21,1342.79,127.06,212.3,1067.42,1406.7800000000002,127.06,187.61,1168.3,1482.97,254.52,196.99,1273.13,1724.64
77,91,35.989999999999995,196.86,1131.36,1364.21,119.99,223.08,1334.21,1677.28,140.51999999999998,174.86,1114.1,1429.48,206.33999999999997,218.52,1275.92,1700.7800000000002,224.53999999999996,201.45,1146.59,1572.58,249.03999999999996,181.42,1036.57,1467.0299999999997,309.13,209.75,1190.82,1709.6999999999998
78,92,43.28,213.58,1413.53,1670.3899999999999,110.8,179.06,1226.33,1516.19,160.41,183.71,1112.88,1457.0,178.60999999999999,207.27,1246.54,1632.42,215.55999999999997,185.28,1035.9,1436.74,242.73999999999998,215.7,1263.29,1721.73,264.83,159.87,1282.22,1706.92
79,93,60.3,215.91,1224.32,1500.53,82.58,193.26,1090.48,1366.32,126.32,199.0,1045.34,1370.6599999999999,181.08,189.95,1164.34,1535.37,294.23,205.86,1166.32,1666.4099999999999,317.23,177.56,1170.96,1665.75,348.39,188.74,1046.8,1583.9299999999998
80,94,22.22,194.28,1211.44,1427.94,22.22,246.14,1200.76,1469.12,60.2,204.25,1034.73,1299.18,144.33,184.7,1380.28,1709.31,213.18,184.2,1303.6,1700.98,267.57,183.66,1047.91,1499.14,309.34999999999997,182.16,1236.68,1728.19
81,95,134.28,198.79,1207.78,1540.85,152.95,189.28,1149.43,1491.66,152.95,203.74,1203.57,1560.26,252.45,217.38,1132.64,1602.47,335.36,210.36,1354.56,1900.28,335.36,179.77,1195.16,1710.29,402.02000000000004,228.59,1148.75,1779.3600000000001
82,96,0.0,187.9,1169.4,1357.3000000000002,66.81,190.0,1126.57,1383.3799999999999,66.81,208.26,1298.46,1573.53,131.37,198.51,1234.21,1564.0900000000001,164.34,215.19,1175.24,1554.77,164.34,176.76,1005.57,1346.67,262.47,244.46,1167.27,1674.2
83,97,83.94,200.57,1011.75,1296.26,132.66,239.53,1151.38,1523.5700000000002,189.30999999999997,234.42,1112.86,1536.59,234.06999999999996,194.29,1108.36,1536.7199999999998,269.93999999999994,206.6,1026.09,1502.6299999999999,269.93999999999994,195.8,1160.37,1626.11,343.44,185.44,1102.46,1631.3400000000001
84,98,29.729999999999997,186.7,1088.37,1304.8,85.10000000000001,197.38,1196.32,1478.8,126.55000000000001,212.68,1136.4,1475.63,182.48,193.91,1224.87,1601.2599999999998,259.86,188.79,1150.26,1598.9099999999999,285.05,192.38,1287.48,1764.91,419.10999999999996,179.43,1063.81,1662.35
85,99,34.13,195.05,1253.7,1482.88,89.88,191.99,1233.87,1515.7399999999998,141.86,222.5,1134.3,1498.6599999999999,180.76,216.56,1271.47,1668.79,223.98999999999998,242.13,1142.1,1608.2199999999998,278.09999999999997,166.92,1206.51,1651.53,348.28,251.54,1182.23,1782.05
86,100,40.71,209.24,1054.21,1304.16,97.85000000000001,189.75,1159.71,1447.31,150.53,172.72,1304.06,1627.31,171.71,200.44,1292.07,1664.2199999999998,192.3,172.74,994.69,1359.73,245.15000000000003,175.34,1151.11,1571.6,300.58000000000004,196.67,1149.57,1646.82
87,101,42.28,183.91,1088.75,1314.94,120.8,183.32,1301.92,1606.04,181.43999999999997,206.41,1302.34,1690.1899999999998,239.36999999999995,214.15,1097.98,1551.5,303.71999999999997,205.48,1083.4,1592.6,363.5,189.92,1250.54,1803.96,473.2099999999999,217.81,1274.98,1966.0
88,102,46.15,232.77,1128.55,1407.47,90.65,213.22,1142.21,1446.08,128.47,192.03,1217.5,1538.0,154.29,177.52,1298.96,1630.77,154.29,193.9,1298.51,1646.7,154.29,202.64,1230.92,1587.85,192.42,217.45,1184.38,1594.25
89,103,30.009999999999998,216.1,1179.49,1425.6,60.89999999999999,223.97,1163.78,1448.65,87.13,200.06,1151.56,1438.75,117.29,198.38,1177.68,1493.3500000000001,117.29,193.09,1057.2,1367.58,117.29,217.91,1151.14,1486.3400000000001,142.45,194.9,1111.71,1449.06
90,104,37.49,227.0,1237.59,1502.08,84.14,213.52,1206.95,1504.6100000000001,122.42999999999999,191.85,1072.22,1386.5,158.60999999999996,177.44,1098.8,1434.85,158.60999999999996,220.19,1174.47,1553.27,158.60999999999996,201.05,1233.56,1593.2199999999998,190.12999999999994,188.3,1261.77,1640.1999999999998
91,105,42.400000000000006,214.09,1162.87,1419.36,68.32000000000001,188.15,1095.51,1351.98,83.04,214.22,1195.09,1492.35,99.43,196.92,1215.47,1511.8200000000002,99.43,200.82,1206.7,1506.95,99.43,207.91,1219.64,1526.98,129.71,229.89,1334.25,1693.85
92,106,15.77,177.52,1303.39,1496.68,25.85,190.85,1328.41,1545.1100000000001,25.85,227.18,1151.63,1404.66,25.85,209.4,1323.06,1558.31,25.85,191.69,1180.46,1398.0,25.85,206.56,1266.03,1498.44,40.260000000000005,195.86,1295.67,1531.79
93,107,34.39,250.85,1137.73,1422.97,34.39,203.74,928.26,1166.3899999999999,34.39,216.46,1092.28,1343.13,34.39,185.78,980.67,1200.84,34.39,167.78,1107.74,1309.91,34.39,224.85,1327.3,1586.54,34.39,204.55,1247.36,1486.3
94,108,25.810000000000002,210.08,1378.56,1614.45,64.65,210.8,1313.09,1588.54,82.18,212.67,905.4,1200.25,105.93,232.26,1162.67,1500.8600000000001,105.93,176.53,1410.87,1693.33,105.93,174.12,1145.25,1425.3,135.62,195.61,1206.51,1537.74
95,109,50.84,231.45,1356.81,1639.1,84.96,171.22,1189.15,1445.3300000000002,120.21,191.07,1282.74,1594.02,120.21,184.8,1128.64,1433.65,120.21,215.66,1131.99,1467.8600000000001,120.21,206.53,1149.68,1476.42,157.31999999999996,203.93,1042.08,1403.33
96,110,38.63,214.47,1227.91,1481.01,70.58,191.32,1199.25,1461.15,98.24000000000001,200.47,1198.7,1497.41,109.82000000000001,216.58,1124.46,1450.8600000000001,109.82000000000001,210.35,1134.37,1454.54,109.82000000000001,232.8,1183.23,1525.85,147.8,185.55,1146.04,1479.3899999999999
97,111,49.18000000000001,216.22,1193.21,1458.6100000000001,82.48000000000002,217.95,1272.74,1573.17,118.89000000000001,184.59,1378.31,1681.79,118.89000000000001,205.52,1276.98,1601.39,118.89000000000001,224.61,1156.43,1499.93,118.89000000000001,172.02,1016.34,1307.25,160.50000000000003,183.98,1169.29,1513.77
98,112,39.790000000000006,202.42,1252.76,1494.97,65.41,210.3,1369.76,1645.47,97.13,225.9,1192.03,1515.06,143.77,195.09,1037.71,1376.5700000000002,143.77,170.53,1048.87,1363.1699999999998,143.77,193.75,1160.37,1497.8899999999999,182.63000000000002,192.23,1165.01,1539.87
99,115,23.0,161.59,1011.32,1195.91,58.39,181.56,1020.65,1260.6,84.64,187.82,1284.15,1556.6100000000001,106.96000000000001,229.07,1387.66,1723.69,106.96000000000001,199.62,1112.32,1418.9,106.96000000000001,195.69,1206.86,1509.5099999999998,129.32,196.76,1118.57,1444.6499999999999
100,116,31.200000000000003,210.8,1210.35,1452.35,67.8,220.52,1219.39,1507.71,96.22,248.56,1090.81,1435.59,96.22,188.55,1278.45,1563.22,96.22,219.56,1202.38,1518.16,96.22,183.49,1313.88,1593.5900000000001,130.39,188.42,1031.87,1350.6799999999998
101,117,61.989999999999995,182.0,1239.02,1483.01,106.66,229.02,1359.87,1695.55,150.19,191.68,1207.25,1549.12,214.86,185.2,1143.13,1543.19,214.86,220.52,1302.52,1737.9,214.86,179.35,1354.23,1748.44,285.11,212.2,1322.31,1819.62
102,118,49.36,148.45,1160.84,1358.6499999999999,92.7,188.22,1161.63,1442.5500000000002,149.32999999999998,201.71,1168.51,1519.55,201.67999999999998,216.03,1182.71,1600.42,201.67999999999998,202.03,1032.88,1436.5900000000001,201.67999999999998,223.31,1202.4,1627.39,245.48,185.09,1055.31,1485.8799999999999
103,119,33.16,228.79,1338.16,1600.1100000000001,54.779999999999994,232.25,1133.0,1420.03,81.82,213.94,1118.7,1414.46,92.03,216.99,1101.96,1410.98,92.03,203.89,1260.8,1556.7199999999998,92.03,199.03,1221.5,1512.56,119.87,241.76,1139.9,1501.5300000000002
104,120,31.090000000000003,181.32,1135.96,1348.3700000000001,62.300000000000004,152.34,1016.85,1231.49,90.09,228.53,1155.51,1474.13,117.60000000000001,162.06,1286.8,1566.46,117.60000000000001,197.61,1230.09,1545.3,117.60000000000001,181.01,1178.35,1476.96,163.89,213.99,1301.87,1679.75
105,121,25.02,201.3,1245.64,1471.96,49.620000000000005,223.66,1146.31,1419.59,77.97000000000001,212.51,1338.18,1628.66,77.97000000000001,205.25,1161.93,1445.15,77.97000000000001,204.76,1012.54,1295.27,77.97000000000001,218.74,1178.67,1475.38,102.65,211.78,1155.19,1469.6200000000001
106,122,44.44,184.05,1249.39,1477.88,86.65,244.53,1071.94,1403.1200000000001,131.33,186.16,1267.46,1584.95,131.33,198.92,1325.3,1655.55,131.33,227.17,1048.85,1407.35,131.33,222.83,1253.24,1607.4,176.15,166.22,1045.1,1387.4699999999998
107,124,84.73,200.68,1278.0,1563.41,174.76000000000002,229.44,1143.87,1548.07,307.76,196.92,1302.65,1807.33,448.62,217.33,1187.61,1853.56,448.62,191.16,1173.67,1813.45,448.62,220.6,1075.85,1745.07,575.5400000000001,192.65,1041.44,1809.63
108,125,26.75,192.72,1128.47,1347.94,66.87,195.05,1216.51,1478.43,120.16000000000001,199.69,1133.16,1453.0100000000002,160.19,155.72,1195.59,1511.5,160.19,216.76,1235.08,1612.03,160.19,190.28,1115.04,1465.51,225.56,175.7,1062.4,1463.66
109,126,41.26,224.56,1048.29,1314.11,147.51,237.15,1094.68,1479.3400000000001,254.63,226.57,1275.37,1756.57,331.06,199.5,1121.7,1652.26,331.06,242.32,1254.92,1828.3000000000002,331.06,205.42,1086.94,1623.42,437.86999999999995,214.75,1139.33,1791.9499999999998
110,127,54.58,205.5,966.96,1227.04,124.93,199.32,1219.65,1543.9,203.65,190.49,1363.37,1757.5099999999998,293.79999999999995,214.63,1125.38,1633.81,316.56999999999994,167.16,1356.16,1839.8899999999999,316.56999999999994,204.87,1336.19,1857.63,427.21999999999986,200.65,1304.73,1932.6
111,128,82.94,180.81,1311.96,1575.71,144.49,180.78,1156.47,1481.74,220.48000000000002,188.84,1078.43,1487.75,281.01000000000005,181.51,1195.48,1658.0,281.01000000000005,226.8,1126.8,1634.6100000000001,281.01000000000005,211.14,1271.73,1763.88,359.6000000000001,211.23,1194.31,1765.1399999999999
112,129,17.68,231.63,1175.6,1424.9099999999999,52.81999999999999,197.71,1205.43,1455.96,113.61999999999998,185.26,1035.42,1334.3000000000002,171.2,196.18,1384.9,1752.2800000000002,171.2,200.89,1119.68,1491.77,171.2,173.6,1128.44,1473.24,225.45999999999998,181.17,1208.84,1615.4699999999998
113,130,24.12,197.48,1238.37,1459.9699999999998,112.44,164.66,1271.82,1548.92,186.12,168.37,1089.09,1443.58,260.90999999999997,208.3,1238.47,1707.68,260.90999999999997,217.9,1269.44,1748.25,260.90999999999997,177.15,1184.61,1622.6699999999998,369.48,208.55,1274.12,1852.1499999999999
114,131,24.63,210.37,1229.8,1464.8,60.669999999999995,225.22,1190.46,1476.35,95.24,185.79,1370.68,1651.71,132.26999999999998,186.97,1207.89,1527.13,132.26999999999998,189.94,1233.36,1555.57,132.26999999999998,181.86,1179.8,1493.9299999999998,166.09,192.01,1111.57,1469.67
115,132,30.66,213.85,1355.03,1599.54,72.44999999999999,192.01,1289.99,1554.45,118.55,214.56,1331.13,1664.2400000000002,175.63,201.37,1201.58,1578.58,175.63,189.67,1211.58,1576.8799999999999,175.63,204.2,1181.85,1561.6799999999998,261.75,214.08,1078.31,1554.1399999999999
116,133,44.04,230.01,1232.25,1506.3,72.41,164.31,1232.49,1469.21,115.72999999999999,240.74,1215.83,1572.3,115.72999999999999,186.87,1086.49,1389.0900000000001,115.72999999999999,188.02,1455.57,1759.32,115.72999999999999,213.97,1195.82,1525.52,158.08999999999997,184.38,1234.51,1576.98
117,134,35.33,195.03,1201.76,1432.12,69.69,200.34,1182.23,1452.26,112.55000000000001,213.19,1160.97,1486.71,141.93,224.07,1273.86,1639.86,141.93,173.93,1318.08,1633.94,141.93,190.49,1089.33,1421.75,188.63000000000002,187.98,1176.71,1553.3200000000002
118,135,52.98,194.24,1253.76,1500.98,110.19,228.82,1357.62,1696.6299999999999,182.93,200.48,1229.27,1612.6799999999998,222.43,197.7,1071.88,1492.0100000000002,222.43,214.71,1008.33,1445.47,222.43,130.5,1337.01,1689.94,289.52000000000004,171.84,1219.6,1680.96
119,136,20.66,211.48,1496.26,1728.4,68.61,174.06,926.48,1169.15,108.33999999999999,231.88,981.15,1321.37,147.70999999999998,200.63,1281.2,1629.54,147.70999999999998,213.2,1084.39,1445.3000000000002,147.70999999999998,184.12,1156.82,1488.6499999999999,176.21999999999997,212.56,1319.33,1708.11
120,137,38.05,178.26,1255.39,1471.7,70.09,181.15,1241.55,1492.79,126.88,154.97,1368.82,1650.67,165.26,213.38,1151.56,1530.1999999999998,165.26,168.23,1049.45,1382.94,165.26,201.64,1203.34,1570.2399999999998,223.6,182.37,1337.16,1743.13
121,138,0.0,180.87,1135.6,1316.4699999999998,40.99,192.66,1232.23,1465.88,61.94,214.67,1184.94,1461.5500000000002,113.35,162.74,1069.38,1345.4700000000003,113.35,202.73,1081.61,1397.6899999999998,113.35,148.7,1201.01,1463.06,176.46999999999997,216.11,1241.81,1634.3899999999999
122,139,17.71,216.66,1168.61,1402.98,57.69,203.0,1137.08,1397.77,89.86,184.8,1150.52,1425.18,137.66,213.34,1264.87,1615.87,137.66,173.86,1308.72,1620.24,137.66,221.6,1298.84,1658.1,202.42,191.91,1383.38,1777.71
123,140,45.36,189.35,1372.96,1607.67,83.72999999999999,206.31,1337.02,1627.06,148.26999999999998,178.67,1205.59,1532.5299999999997,207.77999999999997,184.6,1123.53,1515.9099999999999,207.77999999999997,179.46,1087.89,1475.13,207.77999999999997,225.07,1137.09,1569.9399999999998,274.84999999999997,197.98,1086.71,1559.54
124,141,15.78,176.06,1098.25,1290.09,53.21,196.86,1204.17,1454.24,90.38,186.22,1225.7,1502.3000000000002,142.55,211.75,1047.93,1402.23,167.39,213.62,1193.49,1574.5,167.39,198.18,1040.72,1406.29,224.65,197.0,1224.41,1646.06
125,142,14.46,169.75,1123.08,1307.29,107.50999999999999,226.81,1339.46,1673.78,162.54999999999998,151.38,1406.36,1720.29,197.34999999999997,199.22,1104.64,1501.21,197.34999999999997,184.2,1211.91,1593.46,197.34999999999997,201.91,1032.26,1431.52,284.59999999999997,198.1,1010.23,1492.9299999999998
126,143,33.05,182.8,1194.32,1410.17,133.92,205.92,954.83,1294.67,202.02999999999997,216.26,1202.1,1620.3899999999999,281.71,227.71,1042.24,1551.6599999999999,371.53,171.16,1182.25,1724.94,371.53,206.97,1229.89,1808.39,501.89000000000004,207.75,1142.18,1851.8200000000002
127,144,38.69,201.79,1177.43,1417.91,80.31,226.76,1329.0,1636.07,117.87,191.69,1222.14,1531.7,173.21,187.31,1112.54,1473.06,173.21,213.08,1152.41,1538.7,173.21,188.75,1215.12,1577.08,221.21,209.06,1088.24,1518.51
128,145,40.76,209.57,1306.83,1557.1599999999999,94.37,217.67,1203.94,1515.98,152.3,220.62,1294.65,1667.5700000000002,259.92,176.98,1350.75,1787.65,259.92,155.64,1246.35,1661.9099999999999,259.92,192.51,1270.18,1722.6100000000001,330.1,198.04,1092.98,1621.12
129,146,124.06,252.42,1363.07,1739.55,293.71,214.54,1218.44,1726.69,501.55,185.65,1132.75,1819.95,655.82,199.23,1086.24,1941.29,655.82,215.12,1352.89,2223.83,655.82,210.68,1154.55,2021.05,853.8100000000001,190.31,1273.17,2317.29
130,147,166.87,171.8,1116.69,1455.3600000000001,387.32000000000005,211.0,1236.97,1835.29,580.6700000000001,203.56,1196.17,1980.4,724.9500000000002,203.47,1177.85,2106.27,724.9500000000002,237.38,1180.24,2142.57,724.9500000000002,187.32,1120.12,2032.39,967.8200000000002,213.35,1283.65,2464.82
131,148,36.53,196.93,1401.53,1634.99,139.55,188.05,1204.72,1532.3200000000002,240.88000000000002,176.47,1167.31,1584.6599999999999,319.5400000000001,209.08,1239.43,1768.0500000000002,392.4400000000001,229.39,1254.63,1876.4600000000003,392.4400000000001,203.87,1146.05,1742.3600000000001,539.5700000000002,186.87,1243.88,1970.3200000000002
132,149,67.11,199.15,1095.97,1362.23,188.05,199.62,1282.48,1670.15,261.24,207.3,1215.96,1684.5,353.0,207.75,1302.66,1863.41,353.0,205.32,1108.86,1667.1799999999998,353.0,212.78,1171.1,1736.8799999999999,409.83000000000004,197.96,1109.31,1717.1
133,150,87.89,182.35,1341.12,1611.36,147.5,168.91,1354.34,1670.75,253.26999999999998,163.6,1555.34,1972.21,314.80999999999995,198.27,1236.25,1749.33,384.46999999999997,194.8,1158.04,1737.31,384.46999999999997,207.35,1208.28,1800.1,496.28000000000003,211.33,1271.46,1979.0700000000002
134,151,28.7,148.37,1123.15,1300.22,82.52,195.17,1281.7,1559.39,164.08,205.65,1072.65,1442.38,229.07000000000002,212.2,1267.14,1708.41,256.40000000000003,203.53,1329.69,1789.6200000000001,256.40000000000003,219.03,1206.88,1682.3100000000002,387.09000000000003,202.92,1247.27,1837.28
135,152,70.57,208.25,1148.6,1427.4199999999998,157.89,198.74,1180.9,1537.5300000000002,213.82,189.95,1126.5,1530.27,252.62,215.98,1176.38,1644.98,283.56,180.33,1112.83,1576.7199999999998,283.56,232.1,1248.42,1764.08,370.73,210.14,1332.15,1913.02
136,154,70.85,200.88,1169.6,1441.33,123.78999999999999,204.88,1113.63,1442.3000000000002,383.31,190.52,1285.72,1859.5500000000002,451.38,184.69,1263.35,1899.4199999999998,472.17999999999995,192.48,1313.75,1978.4099999999999,481.81999999999994,157.71,1305.05,1944.58,766.08,191.86,1220.81,2178.75
137,155,29.8,207.61,1113.37,1350.78,85.1,208.11,1229.08,1522.29,87.1,214.9,1183.8,1485.8,115.75999999999999,175.56,1409.78,1701.1,124.66,226.96,1357.55,1709.17,142.57999999999998,198.73,1150.84,1492.1499999999999,165.23,205.52,1138.67,1509.42
138,156,73.49,190.05,1202.68,1466.22,122.46000000000001,233.41,1264.06,1619.9299999999998,223.06000000000003,181.22,1277.4,1681.68,285.25,180.74,1204.39,1670.38,373.02,189.17,1271.46,1833.65,447.96999999999997,241.61,1162.76,1852.34,511.46999999999997,196.98,1253.59,1962.04
139,157,83.08,208.44,1058.03,1349.55,226.14000000000001,197.15,1071.97,1495.26,368.82,211.73,1055.43,1635.98,559.05,202.24,1163.45,1924.74,776.16,178.29,1273.04,2227.49,854.7099999999999,206.84,1119.26,2180.81,1072.7,247.5,1083.78,2403.98
140,158,258.41999999999996,164.24,1307.11,1729.77,632.91,215.49,1326.95,2175.35,923.8199999999999,165.58,1107.13,2196.5299999999997,1225.36,177.18,1151.58,2554.12,1446.55,180.74,1302.75,2930.04,1446.55,195.17,1321.2,2962.92,1714.25,193.27,1111.83,3019.35
141,159,0.0,193.54,1251.68,1445.22,19.83,227.0,1101.45,1348.28,74.47,210.38,1178.11,1462.96,119.22,235.06,1133.39,1487.67,165.41,214.08,1334.82,1714.31,165.41,201.73,1265.54,1632.6799999999998,256.28,206.98,1181.8,1645.06
142,160,44.06,189.84,1216.83,1450.73,207.97000000000003,211.85,1025.05,1444.87,318.53,199.32,1110.63,1628.48,469.23999999999995,189.02,1128.52,1786.78,631.55,210.16,1414.96,2256.67,631.55,204.49,1300.76,2136.8,733.1199999999999,203.79,1247.83,2184.74
143,161,285.26,200.52,1363.62,1849.3999999999999,658.49,248.82,1238.66,2145.9700000000003,776.66,166.01,1149.42,2092.09,1054.06,198.53,1091.36,2343.95,1054.06,184.55,1218.74,2457.35,1054.06,169.1,1084.07,2307.2299999999996,1364.0599999999997,168.88,1101.73,2634.6699999999996
144,162,190.14999999999998,218.19,1167.8,1576.1399999999999,396.82,182.52,1177.06,1756.4,568.1899999999999,217.54,1123.82,1909.5499999999997,754.6499999999999,196.95,1280.71,2232.31,930.81,196.44,1083.27,2210.52,1113.95,161.71,1293.2,2568.86,1297.95,160.89,1262.1,2720.94
145,220,15.18,221.83,1366.05,1603.06,15.18,189.23,1075.57,1279.98,30.78,196.72,1246.01,1473.51,48.28,193.61,1088.29,1330.18,48.28,169.01,1223.06,1440.35,48.28,173.22,1297.94,1519.44,96.14000000000001,192.6,1217.48,1506.22
146,221,22.49,188.35,1294.94,1505.78,22.49,188.97,1456.51,1667.97,43.17,186.03,936.92,1166.12,87.06,191.46,1136.92,1415.44,105.93,187.27,1137.46,1430.66,105.93,211.46,1280.49,1597.88,105.93,182.86,1207.96,1496.75
147,222,0.0,204.51,1163.58,1368.09,16.81,200.56,1160.68,1378.0500000000002,16.81,203.18,1026.66,1246.65,16.81,169.96,1214.42,1401.19,16.81,235.52,1216.75,1469.08,16.81,219.05,1280.01,1515.87,16.81,235.78,1264.71,1517.3
148,223,6.67,212.63,1154.81,1374.11,19.54,200.98,1164.34,1384.86,37.49,212.0,1159.62,1409.11,44.800000000000004,207.0,1289.58,1541.3799999999999,44.800000000000004,203.65,1105.1,1353.55,44.800000000000004,224.84,1344.55,1614.19,60.27000000000001,220.27,1184.31,1464.85
149,224,0.0,207.01,1365.97,1572.98,13.29,159.86,1252.29,1425.44,27.28,167.46,1388.52,1583.26,27.28,200.76,1378.95,1606.99,27.28,218.74,1254.4,1500.42,27.28,207.05,1223.74,1458.07,42.02,223.05,1195.02,1460.09
150,225,22.52,214.24,1308.73,1545.49,37.28,208.65,1185.38,1431.3100000000002,58.18,193.89,1252.5,1504.57,102.28999999999999,196.03,1160.47,1458.79,124.99,200.92,1134.21,1460.12,124.99,210.75,1033.15,1368.89,176.28,225.52,1231.88,1633.68
151,226,16.32,175.85,1197.35,1389.52,53.2,204.86,1113.42,1371.48,73.99000000000001,200.67,1269.18,1543.8400000000001,115.24000000000001,219.65,1197.06,1531.9499999999998,151.43,205.94,1135.99,1493.3600000000001,151.43,232.52,1185.03,1568.98,151.43,202.9,1035.0,1389.33
152,227,5.99,194.21,1050.11,1250.31,5.99,197.33,1168.48,1371.8,5.99,203.24,1178.53,1387.76,5.99,199.37,1183.45,1388.81,5.99,166.92,1172.61,1345.52,5.99,240.03,1256.25,1502.27,5.99,189.25,1242.85,1438.09
153,228,0.0,156.29,1191.58,1347.87,4.5,186.68,1117.57,1308.75,6.17,208.59,1164.55,1379.31,6.17,175.04,1318.13,1499.3400000000001,8.09,227.42,1279.27,1514.78,8.09,235.35,1242.56,1486.0,10.61,249.25,1242.28,1502.1399999999999
154,230,0.0,226.77,937.58,1164.3500000000001,0.0,195.12,1010.38,1205.5,0.0,191.8,1089.31,1281.11,5.03,184.23,1244.37,1433.6299999999999,5.03,192.37,1262.74,1460.14,5.03,206.8,1369.88,1581.71,5.03,243.42,1233.5,1481.95
155,231,11.39,203.76,1122.29,1337.44,11.39,179.85,1105.07,1296.31,30.14,224.77,1315.59,1570.5,42.24,171.31,1092.17,1305.72,42.24,181.83,1286.35,1510.4199999999998,42.24,187.83,1023.34,1253.41,52.040000000000006,222.18,1090.29,1364.51
156,232,0.0,215.57,1111.72,1327.29,27.25,195.88,1346.03,1569.1599999999999,55.8,207.91,1279.1,1542.81,86.38,186.68,1102.79,1375.85,127.24,192.89,1202.79,1522.92,127.24,207.62,1159.84,1494.6999999999998,156.13,227.55,1309.0,1692.68
157,233,2.88,187.9,1202.44,1393.22,2.88,197.55,1066.66,1267.0900000000001,10.46,192.65,1265.14,1468.25,17.97,217.31,1209.85,1445.1299999999999,28.560000000000002,227.91,1124.03,1380.5,28.560000000000002,196.7,1076.37,1301.6299999999999,28.560000000000002,196.57,1248.79,1473.92
158,234,8.23,179.47,1255.78,1443.48,16.119999999999997,226.94,1233.32,1476.3799999999999,23.579999999999995,210.54,1214.04,1448.1599999999999,29.959999999999994,236.25,1118.23,1384.44,34.26,193.32,1021.2,1248.78,34.26,238.5,1161.7,1434.46,47.61,196.43,1206.88,1450.92
159,239,0.0,202.12,1055.17,1257.29,115.39,241.49,1249.09,1605.9699999999998,212.14000000000001,168.3,1166.01,1546.45,297.45,225.24,1241.31,1764.0,384.4,219.13,1212.44,1815.97,515.18,199.85,1151.52,1866.55,5205.150000000003,200.36,1121.75,6527.260000000003
160,240,128.26,208.19,1232.46,1568.91,303.53999999999996,187.79,1121.4,1612.73,446.9,234.51,1080.1,1761.5099999999998,596.7099999999999,187.39,1303.0,2087.1,689.28,211.66,1078.88,1979.8200000000002,777.61,211.66,1072.26,2061.5299999999997,1637.5999999999997,205.25,1109.1,2951.95
161,241,202.89,219.41,1478.69,1900.99,278.95,181.27,1159.19,1619.41,424.57,173.76,1133.56,1731.8899999999999,567.9799999999999,185.03,1395.71,2148.72,721.4399999999998,193.86,1329.59,2244.89,858.0599999999998,174.72,1120.92,2153.7,6456.709999999998,206.19,1129.93,7792.829999999998
162,242,15.370000000000001,199.16,1057.38,1271.91,27.750000000000004,217.34,1300.1,1545.1899999999998,44.660000000000004,203.08,1212.65,1460.39,78.49000000000001,227.97,946.74,1253.2,91.23,190.15,1187.99,1469.37,144.73,165.12,998.59,1308.44,622.81,211.08,1294.72,2128.61
163,246,35.37,189.62,1101.35,1326.34,46.339999999999996,201.08,1227.38,1474.8000000000002,80.06,206.89,1166.19,1453.14,128.64,225.54,1368.97,1723.15,161.72999999999996,187.04,1156.03,1504.8,214.23999999999998,208.85,1229.95,1653.04,789.4499999999999,135.13,1220.55,2145.13
164,254,11.24,215.32,1237.75,1464.31,11.24,211.18,1066.78,1289.2,11.24,180.1,1393.65,1584.99,11.24,234.94,1140.76,1386.94,11.24,208.67,1362.86,1582.77,11.24,195.61,1281.14,1487.9900000000002,17.64,218.69,1143.8,1380.1299999999999
165,255,25.259999999999998,165.71,1185.37,1376.34,25.259999999999998,201.22,1174.57,1401.05,25.259999999999998,221.04,1265.63,1511.93,25.259999999999998,199.78,1326.58,1551.62,25.259999999999998,192.86,1203.83,1421.9499999999998,25.259999999999998,170.2,1290.5,1485.96,25.259999999999998,169.42,1154.94,1349.6200000000001
166,257,7.37,185.09,1384.04,1576.5,15.26,204.39,1325.62,1545.27,15.26,206.48,1215.96,1437.7,15.26,196.83,1179.03,1391.12,15.26,255.95,1315.91,1587.1200000000001,15.26,219.46,1292.73,1527.45,29.41,224.13,1266.26,1519.8
167,258,10.24,229.66,1339.39,1579.2900000000002,17.54,217.19,1113.85,1348.58,17.54,214.68,1323.25,1555.47,17.54,223.2,1194.25,1434.99,17.54,204.01,1175.35,1396.8999999999999,17.54,145.8,1212.61,1375.9499999999998,17.54,192.12,1305.39,1515.0500000000002
168,284,0.0,175.27,1271.44,1446.71,0.0,205.68,1192.38,1398.0600000000002,0.0,247.23,1391.36,1638.59,0.0,171.84,1281.48,1453.32,0.0,216.19,1082.75,1298.94,0.0,171.69,1089.99,1261.68,3.82,218.94,1216.31,1439.07
169,286,0.0,172.11,1215.76,1387.87,0.0,204.17,1203.99,1408.16,1.61,188.84,1186.55,1377.0,1.61,215.89,1285.8,1503.3,1.61,195.71,1267.47,1464.79,1.61,221.54,1124.06,1347.21,1.61,186.34,1160.23,1348.18
170,287,26.740000000000002,185.17,1162.52,1374.43,26.740000000000002,188.58,1378.47,1593.79,26.740000000000002,200.56,1114.06,1341.36,26.740000000000002,225.42,1428.83,1680.99,26.740000000000002,227.82,1216.0,1470.56,26.740000000000002,237.54,1156.85,1421.1299999999999,26.740000000000002,195.76,1141.1,1363.6
171,288,9.35,178.15,1199.61,1387.11,9.35,194.09,1169.39,1372.8300000000002,9.35,220.54,1124.81,1354.6999999999998,9.35,244.97,1122.21,1376.53,9.35,168.64,1205.86,1383.85,9.35,210.57,1202.38,1422.3000000000002,9.35,219.53,1267.77,1496.65
172,289,4.77,210.03,1194.04,1408.84,4.77,206.39,1265.58,1476.74,4.77,207.89,1215.01,1427.67,4.77,186.13,1150.06,1340.96,4.77,212.64,1411.05,1628.46,4.77,219.88,1121.89,1346.5400000000002,4.77,218.11,1096.94,1319.8200000000002
173,290,21.14,214.22,1335.19,1570.5500000000002,54.66,210.91,1101.55,1367.12,54.66,216.17,1298.28,1569.11,54.66,209.99,1172.11,1436.7599999999998,54.66,206.47,1059.17,1320.3000000000002,54.66,227.61,1353.84,1636.11,61.089999999999996,201.49,1254.32,1516.8999999999999
174,291,27.23,200.06,1218.4,1445.69,75.03,208.06,1319.71,1602.8000000000002,123.99,198.3,1222.2,1544.49,140.13,218.12,1218.03,1576.28,140.13,173.51,1118.38,1432.02,140.13,200.3,1226.71,1567.14,172.81,162.15,1203.66,1538.6200000000001
175,292,15.12,237.48,1167.97,1420.57,24.03,194.8,1338.1,1556.9299999999998,34.06,202.74,1079.52,1316.32,49.28,191.4,1221.06,1461.74,49.28,185.09,1121.79,1356.1599999999999,49.28,177.43,1369.39,1596.1000000000001,61.39,166.81,1073.71,1301.91
176,293,8.3,220.0,1309.43,1537.73,27.54,229.55,1204.96,1462.0500000000002,32.91,236.91,1140.32,1410.1399999999999,57.629999999999995,189.16,1188.14,1434.93,73.81,210.18,1189.76,1473.75,86.01,187.69,1197.75,1471.45,101.95000000000002,211.68,1096.13,1409.7600000000002
177,295,5.26,184.77,1356.84,1546.87,21.94,190.76,1263.1,1475.8,39.25,183.47,1310.49,1533.21,46.61,191.79,1150.2,1388.6,46.61,149.02,934.85,1130.48,46.61,193.83,1335.18,1575.6200000000001,65.59,198.31,1131.08,1394.98
178,296,5.92,218.46,1273.62,1498.0,7.56,192.63,1053.04,1253.23,32.25,218.08,1128.52,1378.85,50.150000000000006,211.77,1134.26,1396.18,70.65,164.34,1273.34,1508.33,70.65,179.17,1203.33,1453.1499999999999,86.49,244.46,1277.49,1608.44
179,297,16.93,255.06,1196.29,1468.28,34.19,186.26,1006.0,1226.45,51.51,187.06,924.5,1163.07,68.51,187.01,1068.04,1323.56,82.96000000000002,206.1,1186.0,1475.06,82.96000000000002,179.23,1172.61,1434.8,117.87000000000002,210.74,1058.47,1387.08
180,298,3.26,199.8,1293.62,1496.6799999999998,23.5,230.48,807.14,1061.12,33.99,207.8,1208.78,1450.57,38.120000000000005,185.65,1144.66,1368.43,50.15,166.64,1004.38,1221.17,51.96,184.92,1220.23,1457.1100000000001,64.7,172.67,1220.99,1458.3600000000001
181,299,11.440000000000001,236.52,1021.39,1269.35,32.14,166.54,1298.12,1496.8,60.4,185.89,1168.53,1414.82,65.42999999999999,212.02,1244.58,1522.03,70.19999999999999,245.85,1317.09,1633.1399999999999,70.19999999999999,212.99,1041.32,1324.51,79.56999999999998,188.67,1234.18,1502.42
182,300,13.29,173.02,1284.29,1470.6,24.8,184.51,1223.82,1433.1299999999999,33.22,191.19,1251.39,1475.8000000000002,45.33,213.22,1358.57,1617.12,56.16,213.39,1233.54,1503.09,56.16,210.4,1243.21,1509.77,60.22,204.8,1109.47,1374.49
183,301,7.11,195.69,877.44,1080.24,7.11,210.21,1168.09,1385.4099999999999,7.11,191.99,1110.4,1309.5,7.11,210.81,1153.47,1371.39,7.11,210.85,1201.52,1419.48,7.11,191.34,1261.22,1459.67,7.11,192.52,1217.84,1417.47
184,302,12.969999999999999,180.99,1020.97,1214.93,18.419999999999998,215.46,1137.17,1371.0500000000002,18.419999999999998,240.2,1116.76,1375.38,18.419999999999998,183.54,1190.95,1392.91,18.419999999999998,150.64,1098.21,1267.27,18.419999999999998,204.91,1149.71,1373.04,20.36,179.15,1320.34,1519.85
185,303,21.04,200.66,1077.95,1299.65,29.57,211.79,1125.26,1366.62,48.08,171.14,1148.81,1368.03,48.08,213.54,1245.51,1507.13,48.08,188.03,1096.53,1332.6399999999999,48.08,170.37,1065.12,1283.57,73.82000000000001,227.61,1079.22,1380.65
186,304,0.0,198.71,1142.96,1341.67,5.9,220.7,1134.44,1361.04,5.9,222.28,1412.28,1640.46,5.9,239.52,1303.52,1548.94,5.9,195.22,1258.06,1459.1799999999998,5.9,179.4,1299.43,1484.73,9.030000000000001,189.08,1078.7,1276.81
187,305,3.54,150.26,1339.75,1493.55,10.2,210.42,1288.74,1509.36,14.04,181.84,1296.6,1492.48,16.599999999999998,192.52,1186.14,1395.2600000000002,20.249999999999996,179.43,1212.94,1412.6200000000001,20.249999999999996,195.05,1218.33,1433.6299999999999,35.099999999999994,217.23,1243.66,1495.99
188,306,9.28,239.7,1147.67,1396.65,9.28,170.59,1180.99,1360.8600000000001,24.400000000000002,193.07,1206.03,1423.5,28.75,168.62,1208.43,1405.8000000000002,36.35,215.71,1218.51,1470.57,36.35,204.69,1467.83,1708.87,63.84,186.85,1181.32,1432.01
189,307,29.729999999999997,185.33,1080.81,1295.87,38.0,253.86,1223.12,1514.98,46.03,166.88,1143.06,1355.97,60.24,205.1,1086.58,1351.9199999999998,65.32000000000001,192.36,1249.85,1507.53,65.32000000000001,187.03,1288.62,1540.9699999999998,77.32000000000001,139.72,1226.04,1443.08
190,309,0.0,197.27,1222.42,1419.69,27.22,203.08,1089.89,1320.19,43.68,230.09,1378.96,1652.73,58.72,212.41,1154.29,1425.42,58.72,195.15,999.7,1253.5700000000002,58.72,208.63,1194.48,1461.83,72.83,230.24,1199.25,1502.32
191,310,51.72,197.78,1158.83,1408.33,63.11,157.82,1138.85,1359.78,113.85000000000001,231.21,1141.24,1486.3,171.83,208.84,1220.37,1601.04,234.74,236.91,1106.14,1577.79,260.12,220.41,1136.12,1616.6499999999999,368.01,218.63,1191.62,1778.2599999999998
192,311,8.34,196.23,1244.45,1449.02,15.0,183.98,1237.45,1436.43,29.04,207.7,1195.75,1432.49,42.61,217.65,1130.29,1390.55,42.61,190.02,1187.63,1420.2600000000002,42.61,189.8,1189.69,1422.1000000000001,66.11,166.65,1235.26,1468.02
193,312,0.0,223.47,1151.9,1375.3700000000001,0.0,189.96,1238.59,1428.55,0.0,193.58,1229.27,1422.85,0.0,190.33,1137.55,1327.8799999999999,19.14,195.06,1275.03,1489.23,19.14,206.95,1302.22,1528.31,31.32,200.01,1440.4,1671.73
194,313,7.16,199.89,1150.76,1357.81,14.16,199.69,1173.78,1387.6299999999999,27.96,206.28,1090.64,1324.88,34.59,234.36,1085.09,1354.04,34.59,175.52,1266.76,1476.87,34.59,199.5,1095.41,1329.5,41.550000000000004,184.74,1158.97,1385.26
195,315,0.0,198.58,1100.61,1299.1899999999998,9.87,159.5,1128.46,1297.83,22.45,181.23,1134.01,1337.69,48.040000000000006,180.07,1280.11,1508.2199999999998,59.85000000000001,184.54,1167.91,1412.3000000000002,59.85000000000001,198.38,1247.28,1505.51,70.7,216.52,950.78,1238.0
196,316,10.8,223.37,1070.86,1305.03,10.8,221.73,1062.66,1295.19,10.8,204.17,1059.17,1274.14,36.74,175.15,1224.52,1436.41,49.21,227.57,1156.2,1432.98,49.21,215.99,1213.34,1478.54,59.97,172.06,1140.79,1372.82
197,317,0.0,216.46,1352.5,1568.96,0.0,211.55,1266.84,1478.3899999999999,0.0,247.43,1236.4,1483.8300000000002,0.0,224.65,1328.65,1553.3000000000002,0.0,208.98,1355.12,1564.1,0.0,196.53,1127.98,1324.51,8.78,189.01,984.91,1182.7
198,319,0.0,218.47,1065.88,1284.3500000000001,0.0,223.59,1327.01,1550.6,19.16,186.61,1071.51,1277.28,19.16,212.67,1305.43,1537.26,42.56,230.03,1310.29,1582.88,42.56,185.18,1051.17,1278.91,61.47,187.7,1208.3,1457.47
199,320,0.0,204.61,1071.92,1276.5300000000002,15.69,207.55,1297.54,1520.78,15.69,180.4,1335.81,1531.8999999999999,15.69,187.02,1328.14,1530.8500000000001,15.69,184.52,1211.73,1411.94,15.69,208.29,1060.77,1284.75,27.39,171.04,1339.45,1537.88
200,321,0.0,222.34,1203.9,1426.24,7.1,195.81,1270.46,1473.3700000000001,28.770000000000003,217.32,1207.67,1453.76,53.67,195.05,1207.46,1456.18,53.67,185.94,1391.17,1630.7800000000002,53.67,206.94,980.21,1240.8200000000002,69.46000000000001,235.4,1243.74,1548.6
201,322,0.0,219.22,1285.01,1504.23,0.0,161.3,1078.07,1239.37,14.04,174.7,1154.56,1343.3,14.04,202.02,1094.0,1310.06,29.659999999999997,180.72,1287.6,1497.98,29.659999999999997,206.03,1341.9,1577.5900000000001,45.45,233.51,1237.59,1516.55
202,323,0.0,254.85,1083.18,1338.03,0.0,206.52,1221.78,1428.3,31.63,211.72,1157.35,1400.6999999999998,62.849999999999994,200.09,1087.07,1350.01,94.1,210.84,1008.74,1313.68,123.47999999999999,196.01,1456.94,1776.43,272.22,173.96,1211.67,1657.8500000000001
203,324,13.25,161.61,1298.34,1473.1999999999998,13.25,202.57,1180.82,1396.6399999999999,13.25,236.05,1127.67,1376.97,32.92,185.89,1279.62,1498.4299999999998,64.27,209.83,1128.37,1402.4699999999998,85.91,213.53,1186.65,1486.0900000000001,209.13,191.84,1245.03,1646.0
204,325,0.0,208.87,1212.62,1421.4899999999998,10.35,203.67,1141.46,1355.48,10.35,166.83,1111.03,1288.21,30.759999999999998,216.18,1258.16,1505.1000000000001,40.65,180.05,1085.83,1306.53,51.849999999999994,177.84,1162.34,1392.03,109.24000000000001,184.31,1010.66,1304.21
205,326,0.0,190.33,1327.61,1517.9399999999998,30.82,159.69,1096.07,1286.58,45.81,187.41,1190.72,1423.94,79.53999999999999,193.63,1231.37,1504.54,100.69,205.3,1439.23,1745.22,114.1,201.98,1201.04,1517.12,233.39,179.84,1191.69,1604.92
206,327,10.39,217.82,1342.1,1570.31,23.93,201.39,1115.42,1340.74,43.93,154.45,1149.96,1348.3400000000001,55.51,227.8,1221.62,1504.9299999999998,80.19999999999999,200.51,1174.34,1455.05,101.58999999999999,229.97,1269.89,1601.45,219.78999999999996,189.32,1282.91,1692.02
207,328,0.0,212.49,1293.98,1506.47,8.44,222.19,1311.6,1542.23,8.44,204.73,1367.68,1580.8500000000001,39.19,237.39,1226.09,1502.6699999999998,39.19,173.73,1119.94,1332.8600000000001,39.19,204.11,1370.7,1614.0,74.61999999999999,232.12,1175.78,1482.52
208,329,0.0,191.52,1107.08,1298.6,0.0,204.93,1318.46,1523.39,0.0,203.7,1210.34,1414.04,0.0,187.37,1254.2,1441.5700000000002,0.0,192.73,1309.45,1502.18,13.89,231.61,1187.02,1432.52,13.89,214.59,1230.89,1459.3700000000001
209,330,0.0,187.75,1125.8,1313.55,15.86,200.18,1233.11,1449.1499999999999,35.08,198.76,1117.7,1351.54,35.08,176.15,1110.97,1322.2,47.53,218.68,1082.45,1348.66,79.07,200.55,1107.05,1386.67,151.38,169.78,1140.33,1461.4899999999998
210,331,0.0,185.54,1445.41,1630.95,0.0,240.41,1281.82,1522.23,0.0,206.51,1208.2,1414.71,0.0,221.8,1152.32,1374.12,0.0,211.95,1103.97,1315.92,13.99,221.79,1006.11,1241.89,43.26,218.9,1330.88,1593.0400000000002
211,332,18.13,225.46,1247.9,1491.49,45.019999999999996,214.33,1225.74,1485.0900000000001,63.459999999999994,194.61,1187.49,1445.56,81.92999999999999,161.42,1214.33,1457.6799999999998,96.66999999999999,231.4,1214.11,1542.1799999999998,111.71999999999998,220.54,1379.9,1712.16,268.11,181.12,1120.86,1570.09
212,567,27.79,207.03,1164.18,1399.0,65.92,200.81,1048.31,1315.04,100.75000000000001,212.54,1117.62,1430.9099999999999,136.94,190.77,1329.05,1656.76,152.15,188.91,1111.48,1452.54,152.15,209.75,1373.7,1735.6,203.28000000000003,207.46,1342.11,1752.85
213,569,31.619999999999997,206.72,966.7,1205.04,64.94,211.95,1292.89,1569.7800000000002,81.16,214.58,1280.1,1575.84,95.06,180.07,1307.67,1582.8000000000002,95.06,242.3,1445.26,1782.62,95.06,196.26,1209.62,1500.9399999999998,127.27999999999999,161.98,1217.34,1506.6
214,570,20.71,243.34,1082.85,1346.8999999999999,51.239999999999995,198.12,1296.74,1546.1,80.64999999999999,200.39,1241.68,1522.72,112.19999999999999,188.6,1201.6,1502.3999999999999,123.21,201.9,1290.21,1615.3200000000002,123.21,228.56,1124.29,1476.06,166.53,205.98,1152.55,1525.06
215,571,20.47,198.33,1255.14,1473.94,52.400000000000006,201.21,1176.59,1430.1999999999998,63.39000000000001,181.6,1011.32,1256.31,63.39000000000001,220.46,1179.63,1463.48,63.39000000000001,202.55,1256.64,1522.5800000000002,63.39000000000001,184.2,1175.76,1423.35,73.93,231.91,1025.66,1331.5
216,572,15.04,219.46,1367.61,1602.11,37.8,192.97,1131.85,1362.62,58.60999999999999,188.67,1517.72,1765.0,86.29999999999998,200.26,997.54,1284.1,86.29999999999998,208.69,1206.87,1501.86,86.29999999999998,224.61,1132.06,1442.9699999999998,122.82999999999997,204.95,1251.96,1579.74
217,573,17.5,180.81,1263.43,1461.74,42.97,183.14,1293.26,1519.37,72.14999999999999,189.83,1149.81,1411.79,98.92999999999999,216.5,1404.67,1720.1000000000001,107.5,248.75,1140.59,1496.84,107.5,177.16,1105.16,1389.8200000000002,142.29999999999998,217.11,1204.71,1564.12
218,574,5.03,193.45,1076.01,1274.49,18.22,192.19,1226.98,1437.39,25.98,203.69,1421.54,1651.21,33.77,208.81,1153.64,1396.22,33.77,186.39,1202.16,1422.3200000000002,33.77,165.14,1070.3,1269.21,44.160000000000004,192.4,1283.28,1519.84
219,575,20.21,213.08,1063.25,1296.54,41.25,219.03,1248.32,1508.6,69.68,187.72,1148.05,1405.4499999999998,92.59,202.57,1212.14,1507.3000000000002,92.59,232.47,1041.79,1366.85,92.59,169.86,1219.75,1482.2,125.28,160.47,1084.86,1370.61
220,576,48.39,201.76,1081.95,1332.1,105.3,187.12,1228.39,1520.8100000000002,105.3,211.29,1207.34,1523.9299999999998,105.3,216.89,1146.58,1468.77,105.3,195.52,1305.77,1606.59,105.3,178.44,1114.13,1397.8700000000001,138.32,196.12,1208.68,1543.1200000000001
221,577,52.11,210.79,1155.94,1418.8400000000001,91.89,185.02,1110.48,1387.39,91.89,214.15,1258.63,1564.67,91.89,213.64,1199.95,1505.48,91.89,194.64,1080.76,1367.29,91.89,207.64,1262.84,1562.37,110.59,210.98,1218.21,1539.78
222,578,54.13,198.78,1194.96,1447.8700000000001,94.75,206.14,1154.36,1455.25,94.75,203.35,1067.79,1365.8899999999999,94.75,198.01,1240.44,1533.2,94.75,218.62,1294.25,1607.62,94.75,213.45,1135.33,1443.53,149.82999999999998,213.53,1124.87,1488.23
223,579,48.51,191.87,1102.22,1342.6,107.34,204.18,1296.98,1608.5,107.34,179.07,1253.8,1540.21,107.34,218.92,1002.73,1328.99,107.34,203.92,1219.18,1530.44,107.34,164.16,1264.53,1536.03,129.73000000000002,242.03,1202.62,1574.3799999999999
